[{"model": "admin.logentry", "pk": 1, "fields": {"action_time": "2021-09-02T11:14:48.620Z", "user": 1, "content_type": 7, "object_id": "1", "object_repr": "computerpc.example.com", "action_flag": 2, "change_message": "[{\"changed\": {\"fields\": [\"Domain name\", \"Display name\"]}}]"}}, {"model": "admin.logentry", "pk": 2, "fields": {"action_time": "2021-09-02T12:15:47.509Z", "user": 1, "content_type": 8, "object_id": "1", "object_repr": "pepe@pepe.com", "action_flag": 1, "change_message": "[{\"added\": {}}]"}}, {"model": "admin.logentry", "pk": 3, "fields": {"action_time": "2021-09-04T13:49:09.365Z", "user": 1, "content_type": 13, "object_id": "1", "object_repr": "apple", "action_flag": 1, "change_message": "[{\"added\": {}}]"}}, {"model": "admin.logentry", "pk": 4, "fields": {"action_time": "2021-09-04T13:52:19.889Z", "user": 1, "content_type": 14, "object_id": "1", "object_repr": "APPLE MacBook Air 13.3\" (2020) - M1, 256 GB SSD, Space Grey", "action_flag": 1, "change_message": "[{\"added\": {}}]"}}, {"model": "admin.logentry", "pk": 5, "fields": {"action_time": "2021-09-04T13:54:24.371Z", "user": 1, "content_type": 14, "object_id": "2", "object_repr": "APPLE MacBook Pro 13.3\" (2020) - Intel® Core™ i5, 512 GB SSD, Space Grey", "action_flag": 1, "change_message": "[{\"added\": {}}]"}}, {"model": "admin.logentry", "pk": 6, "fields": {"action_time": "2021-09-04T13:55:51.272Z", "user": 1, "content_type": 14, "object_id": "3", "object_repr": "APPLE MacBook Pro 16\" (2019) - Intel® Core™ i7, 512 GB, Silver", "action_flag": 1, "change_message": "[{\"added\": {}}]"}}, {"model": "admin.logentry", "pk": 7, "fields": {"action_time": "2021-09-04T13:56:59.363Z", "user": 1, "content_type": 14, "object_id": "4", "object_repr": "APPLE MacBook Pro 16\" (2019) - Intel® Core™ i7, 512 GB, Space Grey", "action_flag": 1, "change_message": "[{\"added\": {}}]"}}, {"model": "admin.logentry", "pk": 8, "fields": {"action_time": "2021-09-05T17:03:12.805Z", "user": 1, "content_type": 13, "object_id": "2", "object_repr": "hp", "action_flag": 1, "change_message": "[{\"added\": {}}]"}}, {"model": "admin.logentry", "pk": 9, "fields": {"action_time": "2021-09-05T17:03:33.466Z", "user": 1, "content_type": 13, "object_id": "3", "object_repr": "lenovo", "action_flag": 1, "change_message": "[{\"added\": {}}]"}}, {"model": "admin.logentry", "pk": 10, "fields": {"action_time": "2021-09-05T17:04:20.960Z", "user": 1, "content_type": 13, "object_id": "4", "object_repr": "tower_desktop", "action_flag": 1, "change_message": "[{\"added\": {}}]"}}, {"model": "admin.logentry", "pk": 11, "fields": {"action_time": "2021-09-05T17:04:50.879Z", "user": 1, "content_type": 13, "object_id": "5", "object_repr": "gaming", "action_flag": 1, "change_message": "[{\"added\": {}}]"}}, {"model": "admin.logentry", "pk": 12, "fields": {"action_time": "2021-09-05T17:08:27.768Z", "user": 1, "content_type": 13, "object_id": "6", "object_repr": "tablets", "action_flag": 1, "change_message": "[{\"added\": {}}]"}}, {"model": "admin.logentry", "pk": 13, "fields": {"action_time": "2021-09-05T17:08:42.103Z", "user": 1, "content_type": 13, "object_id": "7", "object_repr": "monitors", "action_flag": 1, "change_message": "[{\"added\": {}}]"}}, {"model": "admin.logentry", "pk": 14, "fields": {"action_time": "2021-09-05T17:08:57.938Z", "user": 1, "content_type": 13, "object_id": "8", "object_repr": "printers", "action_flag": 1, "change_message": "[{\"added\": {}}]"}}, {"model": "admin.logentry", "pk": 15, "fields": {"action_time": "2021-09-05T17:12:27.060Z", "user": 1, "content_type": 14, "object_id": "5", "object_repr": "HP Stream 11-ak0514sa 11.6\" Laptop - Intel® Celeron™, 64 GB eMMC, Pink", "action_flag": 1, "change_message": "[{\"added\": {}}]"}}, {"model": "admin.logentry", "pk": 16, "fields": {"action_time": "2021-09-05T17:13:38.687Z", "user": 1, "content_type": 14, "object_id": "6", "object_repr": "HP 11a 11.6\" Chromebook - 32 GB eMMC, White", "action_flag": 1, "change_message": "[{\"added\": {}}]"}}, {"model": "admin.logentry", "pk": 17, "fields": {"action_time": "2021-09-05T17:14:50.917Z", "user": 1, "content_type": 14, "object_id": "7", "object_repr": "HP x360 14\" 2 in 1 Chromebook - Intel® Pentium™ Gold, 64 GB eMMC, Silver", "action_flag": 1, "change_message": "[{\"added\": {}}]"}}, {"model": "admin.logentry", "pk": 18, "fields": {"action_time": "2021-09-05T17:16:10.944Z", "user": 1, "content_type": 14, "object_id": "8", "object_repr": "HP 14-cf2518sa 14\" Laptop - Intel® Pentium® Gold, 128 GB SSD, Silver", "action_flag": 1, "change_message": "[{\"added\": {}}]"}}, {"model": "admin.logentry", "pk": 19, "fields": {"action_time": "2021-09-05T17:19:07.150Z", "user": 1, "content_type": 14, "object_id": "9", "object_repr": "LENOVO IdeaPad 3i 14\" Laptop - Intel® Core™ i3, 128 GB SSD, Blue", "action_flag": 1, "change_message": "[{\"added\": {}}]"}}, {"model": "admin.logentry", "pk": 20, "fields": {"action_time": "2021-09-05T17:27:38.296Z", "user": 1, "content_type": 14, "object_id": "10", "object_repr": "LENOVO IdeaPad 3i 14\" Chromebook - Intel® Celeron®, 64 GB eMMC, Blue", "action_flag": 1, "change_message": "[{\"added\": {}}]"}}, {"model": "admin.logentry", "pk": 21, "fields": {"action_time": "2021-09-05T17:47:15.659Z", "user": 1, "content_type": 14, "object_id": "11", "object_repr": "LENOVO IdeaPad 3i 14\" Chromebook - Intel® Celeron®, 64 GB eMMC, Blue", "action_flag": 1, "change_message": "[{\"added\": {}}]"}}, {"model": "admin.logentry", "pk": 22, "fields": {"action_time": "2021-09-05T17:48:17.663Z", "user": 1, "content_type": 14, "object_id": "12", "object_repr": "LENOVO IdeaPad 3 14\" Laptop - AMD Athlon Gold, 128 GB SSD, Grey", "action_flag": 1, "change_message": "[{\"added\": {}}]"}}, {"model": "admin.logentry", "pk": 23, "fields": {"action_time": "2021-09-05T17:50:32.667Z", "user": 1, "content_type": 14, "object_id": "13", "object_repr": "DELL Inspiron 3891 Desktop PC - Intel® Core™ i5, 1 TB HDD & 256 SSD, Black", "action_flag": 1, "change_message": "[{\"added\": {}}]"}}, {"model": "admin.logentry", "pk": 24, "fields": {"action_time": "2021-09-05T17:51:33.268Z", "user": 1, "content_type": 14, "object_id": "14", "object_repr": "ACER Aspire XC-1660 Desktop PC - Intel® Core™ i5, 1 TB HDD, Black", "action_flag": 1, "change_message": "[{\"added\": {}}]"}}, {"model": "admin.logentry", "pk": 25, "fields": {"action_time": "2021-09-05T17:52:33.102Z", "user": 1, "content_type": 14, "object_id": "15", "object_repr": "HP 22-df0021na 21.5\" All-in-One PC - AMD Athlon Silver, 128 GB SSD, White", "action_flag": 1, "change_message": "[{\"added\": {}}]"}}, {"model": "admin.logentry", "pk": 26, "fields": {"action_time": "2021-09-05T17:53:38.907Z", "user": 1, "content_type": 14, "object_id": "16", "object_repr": "HP Slim S01-aF1011na Desktop PC - Intel® Celeron®, 256 GB SSD, Black", "action_flag": 1, "change_message": "[{\"added\": {}}]"}}, {"model": "admin.logentry", "pk": 27, "fields": {"action_time": "2021-09-05T17:57:18.127Z", "user": 1, "content_type": 14, "object_id": "17", "object_repr": "ACER Nitro 5 15.6\" Gaming Laptop - Intel® Core™ i5, GTX 1650, 512 GB SSD", "action_flag": 1, "change_message": "[{\"added\": {}}]"}}, {"model": "admin.logentry", "pk": 28, "fields": {"action_time": "2021-09-05T17:58:10.738Z", "user": 1, "content_type": 14, "object_id": "18", "object_repr": "ASUS TUF Dash F15 15.6\" Gaming Laptop - Intel® Core™ i7, RTX 3060, 512 GB SSD", "action_flag": 1, "change_message": "[{\"added\": {}}]"}}, {"model": "admin.logentry", "pk": 29, "fields": {"action_time": "2021-09-05T18:00:22.303Z", "user": 1, "content_type": 14, "object_id": "19", "object_repr": "MSI GF63 Thin 15.6\" Gaming Laptop - Intel® Core™ i5, GTX 1650, 512 GB SSD", "action_flag": 1, "change_message": "[{\"added\": {}}]"}}, {"model": "admin.logentry", "pk": 30, "fields": {"action_time": "2021-09-05T18:01:25.948Z", "user": 1, "content_type": 14, "object_id": "20", "object_repr": "ACER Nitro 5 17.3\" Gaming Laptop - Intel® Core™ i7, RTX 3060, 256 GB SSD", "action_flag": 1, "change_message": "[{\"added\": {}}]"}}, {"model": "admin.logentry", "pk": 31, "fields": {"action_time": "2021-09-05T18:02:39.499Z", "user": 1, "content_type": 14, "object_id": "21", "object_repr": "LENOVO IdeaCentre 3 Desktop PC - AMD Ryzen 3, 256 GB SSD, Grey", "action_flag": 1, "change_message": "[{\"added\": {}}]"}}, {"model": "admin.logentry", "pk": 32, "fields": {"action_time": "2021-09-05T18:03:44.287Z", "user": 1, "content_type": 14, "object_id": "22", "object_repr": "HP Pavilion TP01-2000na Desktop PC - AMD Ryzen 7, 1 TB HDD & 256 GB SSD, Silver", "action_flag": 1, "change_message": "[{\"added\": {}}]"}}, {"model": "admin.logentry", "pk": 33, "fields": {"action_time": "2021-09-06T09:58:51.878Z", "user": 1, "content_type": 14, "object_id": "23", "object_repr": "HUAWEI MatePad T10s 10.1\" Tablet - 64 GB, Blue", "action_flag": 1, "change_message": "[{\"added\": {}}]"}}, {"model": "admin.logentry", "pk": 34, "fields": {"action_time": "2021-09-06T09:59:48.518Z", "user": 1, "content_type": 14, "object_id": "24", "object_repr": "APPLE 10.9\" iPad Air (2020) - 256 GB, Sky Blue", "action_flag": 1, "change_message": "[{\"added\": {}}]"}}, {"model": "admin.logentry", "pk": 35, "fields": {"action_time": "2021-09-06T10:00:54.547Z", "user": 1, "content_type": 14, "object_id": "25", "object_repr": "SAMSUNG Galaxy Tab S6 Lite 10.4” Tablet - 64 GB, Oxford Grey", "action_flag": 1, "change_message": "[{\"added\": {}}]"}}, {"model": "admin.logentry", "pk": 36, "fields": {"action_time": "2021-09-06T10:01:54.974Z", "user": 1, "content_type": 14, "object_id": "26", "object_repr": "ACER ACTAB1021 10\" Tablet - 32 GB, Gun Grey", "action_flag": 1, "change_message": "[{\"added\": {}}]"}}, {"model": "admin.logentry", "pk": 37, "fields": {"action_time": "2021-09-06T10:02:56.433Z", "user": 1, "content_type": 14, "object_id": "27", "object_repr": "APPLE 7.9\" iPad mini 5 (2019) - 64 GB, Gold", "action_flag": 1, "change_message": "[{\"added\": {}}]"}}, {"model": "admin.logentry", "pk": 38, "fields": {"action_time": "2021-09-06T10:03:53.351Z", "user": 1, "content_type": 14, "object_id": "28", "object_repr": "AMAZON Fire HD 10 10.1\" Tablet (2021) - 32 GB, Black", "action_flag": 1, "change_message": "[{\"added\": {}}]"}}, {"model": "admin.logentry", "pk": 39, "fields": {"action_time": "2021-09-06T10:04:55.156Z", "user": 1, "content_type": 14, "object_id": "29", "object_repr": "AMAZON Fire 7 Tablet (2019) - 16 GB, Black", "action_flag": 1, "change_message": "[{\"added\": {}}]"}}, {"model": "admin.logentry", "pk": 40, "fields": {"action_time": "2021-09-06T10:06:11.888Z", "user": 1, "content_type": 14, "object_id": "30", "object_repr": "HP M27fw Full HD 27\" IPS LCD Monitor - White", "action_flag": 1, "change_message": "[{\"added\": {}}]"}}, {"model": "admin.logentry", "pk": 41, "fields": {"action_time": "2021-09-06T10:07:04.630Z", "user": 1, "content_type": 14, "object_id": "31", "object_repr": "HP M24fw Full HD 23.8\" IPS LCD Monitor - White", "action_flag": 1, "change_message": "[{\"added\": {}}]"}}, {"model": "admin.logentry", "pk": 42, "fields": {"action_time": "2021-09-06T10:08:22.235Z", "user": 1, "content_type": 14, "object_id": "32", "object_repr": "SAMSUNG U32J590 4K Ultra HD 32\" LED Monitor - Black", "action_flag": 1, "change_message": "[{\"added\": {}}]"}}, {"model": "admin.logentry", "pk": 43, "fields": {"action_time": "2021-09-06T10:09:21.178Z", "user": 1, "content_type": 14, "object_id": "33", "object_repr": "SAMSUNG LC32R500FHUXEN Full HD 32\" Curved LED Monitor - Blue Grey", "action_flag": 1, "change_message": "[{\"added\": {}}]"}}, {"model": "admin.logentry", "pk": 44, "fields": {"action_time": "2021-09-06T10:10:20.200Z", "user": 1, "content_type": 14, "object_id": "34", "object_repr": "PHILIPS 272V8A Full HD 27\" LCD Monitor - Black", "action_flag": 1, "change_message": "[{\"added\": {}}]"}}, {"model": "admin.logentry", "pk": 45, "fields": {"action_time": "2021-09-06T10:11:22.220Z", "user": 1, "content_type": 14, "object_id": "35", "object_repr": "ACER ED270RPbiipx Full HD 27” Curved LED Monitor - Black", "action_flag": 1, "change_message": "[{\"added\": {}}]"}}, {"model": "admin.logentry", "pk": 46, "fields": {"action_time": "2021-09-06T10:12:36.249Z", "user": 1, "content_type": 14, "object_id": "36", "object_repr": "EPSON EcoTank ET-2720 All-in-One Wireless Inkjet Printer", "action_flag": 1, "change_message": "[{\"added\": {}}]"}}, {"model": "admin.logentry", "pk": 47, "fields": {"action_time": "2021-09-06T10:13:41.249Z", "user": 1, "content_type": 14, "object_id": "37", "object_repr": "EPSON Expression Home XP-4105 All-in-One Wireless Inkjet Printer", "action_flag": 1, "change_message": "[{\"added\": {}}]"}}, {"model": "admin.logentry", "pk": 48, "fields": {"action_time": "2021-09-06T10:14:30.774Z", "user": 1, "content_type": 14, "object_id": "38", "object_repr": "HP DeskJet Plus 4130e All-in-One Wireless Inkjet Printer with HP Plus", "action_flag": 1, "change_message": "[{\"added\": {}}]"}}, {"model": "admin.logentry", "pk": 49, "fields": {"action_time": "2021-09-06T10:15:38.348Z", "user": 1, "content_type": 14, "object_id": "39", "object_repr": "HP OfficeJet Pro 9019 All-in-One Wireless Inkjet Printer with Fax", "action_flag": 1, "change_message": "[{\"added\": {}}]"}}, {"model": "admin.logentry", "pk": 50, "fields": {"action_time": "2021-09-06T10:16:30.665Z", "user": 1, "content_type": 14, "object_id": "40", "object_repr": "CANON PIXMA G3520 MegaTank All-in-One Wireless Inkjet Printer", "action_flag": 1, "change_message": "[{\"added\": {}}]"}}, {"model": "admin.logentry", "pk": 51, "fields": {"action_time": "2021-09-17T12:05:10.364Z", "user": 1, "content_type": 15, "object_id": "2", "object_repr": "74322FDA048D4D17B98B87A2AACD5A13", "action_flag": 2, "change_message": "[{\"deleted\": {\"name\": \"order line item\", \"object\": \"SKU 07 on order 74322FDA048D4D17B98B87A2AACD5A13\"}}]"}}, {"model": "admin.logentry", "pk": 52, "fields": {"action_time": "2021-09-17T12:06:43.518Z", "user": 1, "content_type": 15, "object_id": "2", "object_repr": "74322FDA048D4D17B98B87A2AACD5A13", "action_flag": 3, "change_message": ""}}, {"model": "admin.logentry", "pk": 53, "fields": {"action_time": "2021-09-17T12:06:43.787Z", "user": 1, "content_type": 15, "object_id": "1", "object_repr": "4354721856A04689B95974A079D0BA9C", "action_flag": 3, "change_message": ""}}, {"model": "admin.logentry", "pk": 54, "fields": {"action_time": "2021-09-17T12:10:56.317Z", "user": 1, "content_type": 15, "object_id": "3", "object_repr": "32EF78D1906B451F83BA07A0582A6D6F", "action_flag": 2, "change_message": "[{\"changed\": {\"name\": \"order line item\", \"object\": \"SKU 01 on order 32EF78D1906B451F83BA07A0582A6D6F\", \"fields\": [\"Quantity\"]}}]"}}, {"model": "admin.logentry", "pk": 55, "fields": {"action_time": "2021-09-17T12:11:33.701Z", "user": 1, "content_type": 15, "object_id": "3", "object_repr": "32EF78D1906B451F83BA07A0582A6D6F", "action_flag": 2, "change_message": "[{\"changed\": {\"name\": \"order line item\", \"object\": \"SKU 12 on order 32EF78D1906B451F83BA07A0582A6D6F\", \"fields\": [\"Product\", \"Quantity\"]}}]"}}, {"model": "admin.logentry", "pk": 56, "fields": {"action_time": "2021-09-17T12:11:59.823Z", "user": 1, "content_type": 15, "object_id": "3", "object_repr": "32EF78D1906B451F83BA07A0582A6D6F", "action_flag": 2, "change_message": "[{\"deleted\": {\"name\": \"order line item\", \"object\": \"SKU 12 on order 32EF78D1906B451F83BA07A0582A6D6F\"}}]"}}, {"model": "admin.logentry", "pk": 57, "fields": {"action_time": "2021-09-17T12:12:31.216Z", "user": 1, "content_type": 15, "object_id": "3", "object_repr": "32EF78D1906B451F83BA07A0582A6D6F", "action_flag": 3, "change_message": ""}}, {"model": "admin.logentry", "pk": 58, "fields": {"action_time": "2021-09-26T11:47:04.735Z", "user": 1, "content_type": 14, "object_id": "42", "object_repr": "test2", "action_flag": 3, "change_message": ""}}, {"model": "admin.logentry", "pk": 59, "fields": {"action_time": "2021-09-26T11:47:04.770Z", "user": 1, "content_type": 14, "object_id": "41", "object_repr": "test", "action_flag": 3, "change_message": ""}}, {"model": "admin.logentry", "pk": 60, "fields": {"action_time": "2021-09-27T10:06:44.319Z", "user": 1, "content_type": 14, "object_id": "43", "object_repr": "test", "action_flag": 3, "change_message": ""}}, {"model": "admin.logentry", "pk": 61, "fields": {"action_time": "2021-09-27T13:07:01.862Z", "user": 1, "content_type": 14, "object_id": "45", "object_repr": "test", "action_flag": 3, "change_message": ""}}, {"model": "admin.logentry", "pk": 62, "fields": {"action_time": "2021-09-27T13:07:01.902Z", "user": 1, "content_type": 14, "object_id": "44", "object_repr": "test", "action_flag": 3, "change_message": ""}}, {"model": "admin.logentry", "pk": 63, "fields": {"action_time": "2021-09-27T13:25:55.720Z", "user": 1, "content_type": 14, "object_id": "46", "object_repr": "test", "action_flag": 3, "change_message": ""}}, {"model": "admin.logentry", "pk": 64, "fields": {"action_time": "2021-09-27T13:31:42.458Z", "user": 3, "content_type": 14, "object_id": "40", "object_repr": "CANON PIXMA G3520 MegaTank All-in-One Wireless Inkjet Printer", "action_flag": 3, "change_message": ""}}, {"model": "admin.logentry", "pk": 65, "fields": {"action_time": "2021-09-27T13:55:52.590Z", "user": 1, "content_type": 14, "object_id": "47", "object_repr": "test", "action_flag": 3, "change_message": ""}}, {"model": "admin.logentry", "pk": 66, "fields": {"action_time": "2021-09-27T14:07:46.601Z", "user": 4, "content_type": 14, "object_id": "48", "object_repr": "test", "action_flag": 3, "change_message": ""}}, {"model": "admin.logentry", "pk": 67, "fields": {"action_time": "2021-09-27T17:31:33.414Z", "user": 1, "content_type": 14, "object_id": "49", "object_repr": "test", "action_flag": 3, "change_message": ""}}, {"model": "admin.logentry", "pk": 68, "fields": {"action_time": "2021-09-28T09:05:31.177Z", "user": 1, "content_type": 14, "object_id": "50", "object_repr": "test", "action_flag": 3, "change_message": ""}}, {"model": "admin.logentry", "pk": 69, "fields": {"action_time": "2021-09-28T09:18:03.539Z", "user": 1, "content_type": 14, "object_id": "51", "object_repr": "test", "action_flag": 3, "change_message": ""}}, {"model": "auth.user", "pk": 1, "fields": {"password": "pbkdf2_sha256$260000$jVYOuZX9vNkkPxMNuidOaY$NTOB36te4qCrm4COnOr7NZWld+l6RulFfQ17rCXoOS8=", "last_login": "2021-09-28T09:30:24.098Z", "is_superuser": true, "username": "ruben", "first_name": "", "last_name": "", "email": "pepe@pepe.com", "is_staff": true, "is_active": true, "date_joined": "2021-09-02T10:45:53.788Z", "groups": [], "user_permissions": []}}, {"model": "auth.user", "pk": 2, "fields": {"password": "pbkdf2_sha256$260000$ygUKYeurjkj0ibGMlmQWee$gvmK9dxZkTBMKB2qJg4JGPaHRMlvbgeL70rsPk8O+iA=", "last_login": "2021-09-24T08:54:41.336Z", "is_superuser": false, "username": "pepe", "first_name": "", "last_name": "", "email": "test@test.com", "is_staff": false, "is_active": true, "date_joined": "2021-09-23T10:15:09.415Z", "groups": [], "user_permissions": []}}, {"model": "auth.user", "pk": 3, "fields": {"password": "pbkdf2_sha256$260000$feygRDbxYxx6r75MU4QjLC$06NQfKPwfsBRc2m5lo+G3Biq/aH0YXXkNBjWRZZJ2bU=", "last_login": "2021-09-27T13:31:13.181Z", "is_superuser": true, "username": "a", "first_name": "", "last_name": "", "email": "a@a.com", "is_staff": true, "is_active": true, "date_joined": "2021-09-27T13:30:52.001Z", "groups": [], "user_permissions": []}}, {"model": "auth.user", "pk": 4, "fields": {"password": "pbkdf2_sha256$260000$50mWwBQIa0uQQ2azqBU8ez$LK2WVZVSgFcaj5Jw7/Vjeg7qPRpw8TBeX0aDoNL3f8s=", "last_login": "2021-09-27T14:05:49.139Z", "is_superuser": true, "username": "julia", "first_name": "", "last_name": "", "email": "aga@aga.com", "is_staff": true, "is_active": true, "date_joined": "2021-09-27T14:04:33.506Z", "groups": [], "user_permissions": []}}, {"model": "sessions.session", "pk": "0q43bbmxxauwandmby9te9h7w9keczev", "fields": {"session_data": "eyJiYWciOnsiMiI6MX19:1mSGtf:2Jm2aR-LQDBz-fMHTxpmJO_o4zGgZjwptjik5bSzT14", "expire_date": "2021-10-04T10:51:39.402Z"}}, {"model": "sessions.session", "pk": "1i8lcw2u1vyx8pchab31zwusmql5qupv", "fields": {"session_data": ".eJxVj8tugzAQRX_FmrVl-QUGlt131WWILD-GR0IhwiA1ivLvNRKLdnvuuXc0L7Bu3wa7J1ztGKEBAfQv8y7ccT6CeHNzv7CwzNs6enYo7EwT-1wiTh-n-29gcGnIbWN4iChrFUWpuULutFGlwVjUJnRV9NiVRnoZHK9UXSihpXciuK5SpSylPkYTpjQus8Wfx7g-oeEUvOuheYHW0EgKuoBGvLP5nU3XY8qHL5cWrL2l3DtpC5RwSmRBSQtfewgZd_s0PUn-ATeMRJLHusQ9bIm1cL3C-xcpWl8o:1mUqLV:XR7m1RFJ3ORipvUsUHzqiPPuSa-UcmdWRRNLzk5F8o8", "expire_date": "2021-10-11T13:07:01.999Z"}}, {"model": "sessions.session", "pk": "2zxkd0hhm75u94wzcpbqa8q34f0g2pfp", "fields": {"session_data": ".eJxVjstugzAQRX_FmjVCfoANLLvvqssQWX4Mj4TiCGOpUZR_r5FYtNtzz70zL9Am7ZNOETc9e-iAQfGXWePuuB6Bv5l1DKUL677NtjyU8kxj-Rk8Lh-n-29gMnHKbaWo88hb4ZmsqEBqKiWkQl-3yg2NtzhIxS13hjairQWruDXMmaERkkteHaMRY5zDqvHnMW9P6GgB1ozQvaCm0LF3Vr6zYkaM-eLl0oPWt5gLJ-2hILQgvC5ID1_JuYyHtCxPkp_HHT1h5LEFn9xe9nC9wvsXjnRdbA:1mV93L:SHFe7SZqDB0D31nVxY0dKCq7fpkAn8tEjaszOipR6ts", "expire_date": "2021-10-12T09:05:31.249Z"}}, {"model": "sessions.session", "pk": "318386rtkekmsxbkkdz64rf3y45anjro", "fields": {"session_data": ".eJxVjMsOwiAQRf-FtSG8Cm2X7v0GMjBTixow0CYa479rky50e8-558U8rMvs10bVJ2Qjk-zwuwWIV8obwAvkc-Gx5KWmwDeF77TxU0G6HXf3LzBDm79v50REUoNGaY3QJMA4bR1hN7g49Rhosk4FFUH0eui0NCqAjDD12iqrzBZt1Foq2dPjnuqTjeL9AXemPqw:1mUuTV:ME4H8VCwvHinGCLEhuLQMzF-Z1MXYpufigAqdodTkT4", "expire_date": "2021-10-11T17:31:33.673Z"}}, {"model": "sessions.session", "pk": "3t2tad8wlqzs2770xjmwba89z2gvgum2", "fields": {"session_data": ".eJxVjMsOwiAQRf-FtSEIUqYu3fsN5AIztmog6WNl_Hdt0oVu7znnvlTEugxxnXmKY1Fn5dThd0vID64bKHfUW9O51WUak94UvdNZX1vh52V3_w4GzMO39jk5ycGxLYUAeIg1EpK3xKVn0_ne4RSIDHoRIxS6RKDcWQQ5Iqn3Bw0yONA:1mUqjO:BePFvDmC1Sx0aDdkhTdrIQEEA0_-qIxXAEscqAzuH2k", "expire_date": "2021-10-11T13:31:42.684Z"}}, {"model": "sessions.session", "pk": "5zjx9lw6406dzu19dsaecu1kmo2u11r8", "fields": {"session_data": ".eJxljNEKwiAUQP_F5xB1G5t77L1vEPVem2UaOqOI_j2MEUSv5xzOk2hrU42rumH2ziMovGgfyBxrCLuvrQUzmYkgO6J0XZcPUB7-mdH2jLEJOOl4TNSmuGZvaEvoZgs9JMCw39qfwaLL0raaO84A-6FHFBLQTUwKkCOMHJ3oRudwgElPFrkdJILonGN9J4RkRhjZpgVL8SkqvF99fpCZvd6jKlE9:1mTLn2:lVdNA2FMDayOMQM_M8Y_VgNyHBn7LLnp72wXNMXkm1s", "expire_date": "2021-10-07T10:17:16.933Z"}}, {"model": "sessions.session", "pk": "8d2ahhi6mzkufvazvmgbuwsqxqt8ujcf", "fields": {"session_data": ".eJxVjstugzAQRX_FmrVl-QEYWHbfVZchsvwYHgnFEQapUZR_r5FYtNtzz70zLzB230azJ1zNFKAFAfQvc9bfcTmCcLPLEJmPy7ZOjh0KO9PEPmPA-eN0_w2MNo25rTX3AWWjgqgKrpDbQqtKYygb7fs6OOwrLZ30lteqKZUopLPC275WlaxkcYwmTGmKi8Gfx7Q-oeUUnB2gfUGhoRXvrHxnxQ6Y8sXLpQNjbikXTtoBJZwSWVLSwdfufcb9Ps9Pkp_HDQMR5LHGsPuNdXC9wvsXkH1dcg:1mUr6m:0h6XaUvDowrqAkg9vyBrWXQkbvEYSsLuAJlO76b_dU0", "expire_date": "2021-10-11T13:55:52.660Z"}}, {"model": "sessions.session", "pk": "97g7bjbvdmouqiffpl22u15ibhjg30i6", "fields": {"session_data": ".eJxVTjkOgzAQ_MvWyLJ3jQ0u0-cNaH0AOQQSR4X4ewyhSKrRnJoNGl6XvlnnNDWPCA4UFL-a5_BKw2HEJw_dKMI4LNPDiyMiLncW9zGm9-3K_g30PPe5ba0MMWFNURktKUnWloxNsaxtaKvoU2ssegwsK6pLUho9q8BtRQYN6jzquQO35YNOFaAkOCoAv0SfgOUJmeC-fwDl5kD4:1mOIPs:oi0SwA_hWwpDtFFVU0i2z26UXf5FeE695iFj1rEIMbs", "expire_date": "2021-09-23T11:40:28.009Z"}}, {"model": "sessions.session", "pk": "dmfemsk2gdhmzhxpjuyahszy5gvvhdd8", "fields": {"session_data": "eyJzYXZlX2luZm8iOmZhbHNlfQ:1mU9QS:zfk1sb8qXoGA4z74_7P5Qj2CQoUclWYBC3QDUgpSkz4", "expire_date": "2021-10-09T15:17:16.766Z"}}, {"model": "sessions.session", "pk": "dtayk4wmztqrwb9qgo16tuc6vfb77js1", "fields": {"session_data": ".eJxVjDsOwjAQBe_iGln-xR9Kes5grb1rHEC2FCcV4u4QKQW0b2bei0XY1hq3QUuckZ2ZZKffLUF-UNsB3qHdOs-9rcuc-K7wgw5-7UjPy-H-HVQY9Vs7JzKSChqlNUKTAOO0dYRTcLl4TFSsU0llEF6HSUujEsgMxWurrDLs_QHYpDdv:1mV9Dw:BHLdLftpogawe0fPdHpKdSegpW-G1_mEXu0dYeZzqnc", "expire_date": "2021-10-12T09:16:28.729Z"}}, {"model": "sessions.session", "pk": "ejob89nl0dm8kij4q4ro706dprpvsc08", "fields": {"session_data": "eyJiYWciOnsiMTAiOjJ9fQ:1mPiIG:cRdyNo2yofhM1JdxYoMi7bKdSOJ-ntwoq3MOTStTWeI", "expire_date": "2021-09-27T09:30:28.049Z"}}, {"model": "sessions.session", "pk": "futuvraiy1zvrzfyev7k3npvm7odq8zp", "fields": {"session_data": ".eJxVjstugzAQRX_FmrVl-QE2sOy-qy5DZPkxPBIKEQapUZR_r5FYtNtzz70zL7Bu3wa7J1ztGKEBAfQv8y7ccT6CeHNzv7CwzNs6enYo7EwT-1wiTh-n-29gcGnIbWN4iChrFYUuuELuCqO0wVjWJnRV9NhpI70MjleqLpUopHciuK5SWmpZHKMJUxqX2eLPY1yf0HAK3vXQvKDQ0Ih3Vr6z4npM-eLl0oK1t5QLJ22BEk6JLClp4WsPIeNun6Ynyc_jhpEI8liXuIeNtXC9wvsXkCZdcQ:1mUqdn:E5zql6bEgZRFd6MBSK4yiB5ovhdXAfalreyOT-AYUYE", "expire_date": "2021-10-11T13:25:55.805Z"}}, {"model": "sessions.session", "pk": "gtyfoi9rz9puqxrlk78bkifyafee019u", "fields": {"session_data": ".eJxVjDsOgzAQBe-yNbL8wzYu0-cM1tpeB5IIJAxpEHcPSBRJ-2bebBBwXfqwVprDkMGDgOZ3i5heNJ4gP3F8TCxN4zIPkZ0Ku2hl9ynT-3a5f4Eea3-8reUpk-xUFkZzRRy1VcZSbjubisuRirEyyoTcqa5VQsuIImFxykgj9RGt-KEwjGUCv8wrNRDxAX4D4cCLff8CcNRBdw:1mT29q:9l9oNimNk1VmvQyZTRaqEKa41k9h1Uo8kfqFdMDj3BQ", "expire_date": "2021-10-06T13:19:30.585Z"}}, {"model": "sessions.session", "pk": "hzk2tyt3zqybi48wxrqbxcxo9k3b4v37", "fields": {"session_data": "eyJzYXZlX2luZm8iOmZhbHNlfQ:1mT1vl:H6P2n7w9LgFKMiO1vuPn-ttYbd0jq5-XlVuH_81L3v0", "expire_date": "2021-10-06T13:04:57.316Z"}}, {"model": "sessions.session", "pk": "id0qde8l25zm92a7gxckvfxy6zikmrht", "fields": {"session_data": ".eJxVj7uOgzAQRX_FmhpZfrE2lNtvlTJElrHHQJaFCGMpUZR_X0eiSXsfZ-Y-wSZMaVoXi_fbtD2gZRVYl_fR5oSbnQK0oOBD653_xeVthKtbhpX6ddm3qafvCD3cRH_WgPP3kf0AjC6Npa1lFNgIKU3vuQnSCB3rhkUmA3LlvI6ey6hDLbnyiLXUAr8UCsmcMqaJBdq7AdonKAMtf5Ubf2WMGzAV-vncgbXXVKYdagcVYRURdUU6OGXvixzzPD9IeRR3DIST27aG7HfaweUCr38fiV2G:1mUrII:E4agGnBYZopMeHgnpN2aYMP5s4ALos0liL3r6fWj4Pg", "expire_date": "2021-10-11T14:07:46.667Z"}}, {"model": "sessions.session", "pk": "idrwmr48goj6w9j5uglkkpw6zbw7706g", "fields": {"session_data": "e30:1mVEHO:7mNsIrQE2e6oUe70J595MP7ppddUjKlvuJExG7YFxAg", "expire_date": "2021-10-12T14:40:22.180Z"}}, {"model": "sessions.session", "pk": "l2n5gzodyrrzetupqbte44vbkcf8kbo4", "fields": {"session_data": "eyJzYXZlX2luZm8iOmZhbHNlfQ:1mUQiy:5QOLDaR44EXaHOVQdwIRK6_o8EH0Xv6euJAGnhX5XEo", "expire_date": "2021-10-10T09:45:32.054Z"}}, {"model": "sessions.session", "pk": "pua6kr1nk5a0uqjlpscsxmw3ts35zt8h", "fields": {"session_data": "eyJiYWciOnsiNiI6MSwiMTEiOjEsIjMiOjQsIjciOjEsIjkiOjIsIjEwIjoxfX0:1mQRpr:h2jN8PB-4-d-9TSNsd5-4ZgAIYUxOcDrjtFhabvYsmM", "expire_date": "2021-09-29T10:08:11.881Z"}}, {"model": "sessions.session", "pk": "qcg5l4yb3gaqzuymw3nxggmv681t3dfv", "fields": {"session_data": "eyJiYWciOnsiMiI6MX19:1mRB7i:s1hGHdWfRebxjRfhpaXko_lVpEpCQ_wT_-lbIEt-HxM", "expire_date": "2021-10-01T10:29:38.351Z"}}, {"model": "sessions.session", "pk": "syrmjryej9bm4520uw1pokvoksjv0pdu", "fields": {"session_data": "eyJzYXZlX2luZm8iOmZhbHNlfQ:1mUPu7:c0fRLkARD2PHRww09A_ryDtOIQWsXgAahrpX7RRPU4c", "expire_date": "2021-10-10T08:52:59.493Z"}}, {"model": "sessions.session", "pk": "vvwx9z8zmzwrphvwz6bczp3dpdyjvvv1", "fields": {"session_data": ".eJxVjstugzAQRX_FmjVCxjYYWHbfVZchssb28EgojjBIjaL8e43Eot2ee-6deYHBfRvNHmk1k4cWCsj-MovuTssR-BsuQ8hdWLZ1svmh5Gca88_gaf443X8DI8YxtbXmzpNopC8qxSVxVFpWmnzZaNfX3lJfaWGFQ17LppSFEhYLh30tK1EJdYxGinEKi6Gfx7Q-oeUZWBygfYGS0Ip3Ur6TggPFdPFy6cCYW0yFk3aQMZ4xUWasg6_duYT7fZ6fLD1PG3lWsMca_O62vIPrFd6_j3Vdbw:1mUnX3:oSJJoI_qcMm8OWGupWVuxz1NeErZmbXZmCfofPaPXA0", "expire_date": "2021-10-11T10:06:45.127Z"}}, {"model": "sessions.session", "pk": "xl87j61zhk1nhnx77rf7o3boirtur1n7", "fields": {"session_data": ".eJxVjstugzAQRX_FmrVlGRtsYNl9V12GyPJjeCQUIoylRlH-vUZi0W7PPffOvMDYtI8mRdzMFKCFAuhf5qy_43IE4WaXYWV-XfZtcuxQ2JlG9rkGnD9O99_AaOOY21pzH1A0MhSq5BK5LbVUGkPVaN_XwWGvtHDCW17LppJFKZwtvO1rqYQS5TEaMcZpXQz-PKbtCS2n4OwA7QtKAa14Z-U7K3bAmC9eLh0Yc4u5cNIOKOGUiIqSDr6S9xn3aZ6fJD-POwYiyGNbQ_J7ZB1cr_D-Be4wXeI:1mUSca:e3mvSBayDjGAAJl0azRyiLnyOS3DWGAMo85CzdwdUvY", "expire_date": "2021-10-10T11:47:04.832Z"}}, {"model": "sessions.session", "pk": "zmauww2tis71gzg2b19l0lm9l446fix7", "fields": {"session_data": ".eJxVjDsOwjAQBe_iGln-xR9Kes5grb1rHEC2FCcV4u4QKQW0b2bei0XY1hq3QUuckZ2ZZKffLUF-UNsB3qHdOs-9rcuc-K7wgw5-7UjPy-H-HVQY9Vs7JzKSChqlNUKTAOO0dYRTcLl4TFSsU0llEF6HSUujEsgMxWurrDLs_QHYpDdv:1mV9FT:6rDDvkifzvKtZHfXG9vHOTGNDr3cUiK-W7G4wKxtinQ", "expire_date": "2021-10-12T09:18:03.911Z"}}, {"model": "sites.site", "pk": 1, "fields": {"domain": "computerpc.example.com", "name": "Computer Pc"}}, {"model": "account.emailaddress", "pk": 1, "fields": {"user": 1, "email": "pepe@pepe.com", "verified": true, "primary": true}}, {"model": "account.emailaddress", "pk": 2, "fields": {"user": 2, "email": "test@test.com", "verified": true, "primary": true}}, {"model": "account.emailaddress", "pk": 3, "fields": {"user": 4, "email": "aga@aga.com", "verified": true, "primary": true}}, {"model": "products.category", "pk": 1, "fields": {"name": "apple", "friendly_name": "Apple"}}, {"model": "products.category", "pk": 2, "fields": {"name": "hp", "friendly_name": "HP"}}, {"model": "products.category", "pk": 3, "fields": {"name": "lenovo", "friendly_name": "Lenovo"}}, {"model": "products.category", "pk": 4, "fields": {"name": "tower_desktop", "friendly_name": "Tower Desktop"}}, {"model": "products.category", "pk": 5, "fields": {"name": "gaming", "friendly_name": "Gaming"}}, {"model": "products.category", "pk": 6, "fields": {"name": "tablets", "friendly_name": "Tablets"}}, {"model": "products.category", "pk": 7, "fields": {"name": "monitors", "friendly_name": "Monitors"}}, {"model": "products.category", "pk": 8, "fields": {"name": "printers", "friendly_name": "Printers"}}, {"model": "products.product", "pk": 1, "fields": {"category": 1, "sku": "01", "name": "APPLE MacBook Air 13.3\" (2020) - M1, 256 GB SSD, Space Grey", "description": "macOS 11.0 Big Sur\r\nApple M1 chip\r\nRAM: 8 GB / Storage: 256 GB SSD\r\nRetina display\r\nBattery life: Up to 18 hours", "price": "1109.00", "rating": "4.50", "image_url": null, "image": "apple.jpg"}}, {"model": "products.product", "pk": 2, "fields": {"category": 1, "sku": "02", "name": "APPLE MacBook Pro 13.3\" (2020) - Intel® Core™ i5, 512 GB SSD, Space Grey", "description": "MacOS\r\nIntel® Core™ i5 Processor\r\nRAM: 16 GB / Storage: 512 GB SSD\r\nGraphics: Intel® Iris™ Plus\r\nRetina display", "price": "2119.00", "rating": "5.00", "image_url": null, "image": "apple2.jpg"}}, {"model": "products.product", "pk": 3, "fields": {"category": 1, "sku": "03", "name": "APPLE MacBook Pro 16\" (2019) - Intel® Core™ i7, 512 GB, Silver", "description": "MacOS\r\nIntel® Core™ i7 Processor\r\nRAM: 16 GB / Storage: 512 GB SSD\r\nGraphics: AMD Radeon Pro 5300M\r\nRetina display", "price": "2799.99", "rating": "4.00", "image_url": null, "image": "apple_phone.jpg"}}, {"model": "products.product", "pk": 4, "fields": {"category": 1, "sku": "04", "name": "APPLE MacBook Pro 16\" (2019) - Intel® Core™ i7, 512 GB, Space Grey", "description": "MacOS\r\nIntel® Core™ i7 Processor\r\nRAM: 16 GB / Storage: 512 GB SSD\r\nGraphics: AMD Radeon Pro 5300M\r\nRetina display", "price": "2799.00", "rating": "4.70", "image_url": null, "image": "apple3.jpg"}}, {"model": "products.product", "pk": 5, "fields": {"category": 2, "sku": "05", "name": "HP Stream 11-ak0514sa 11.6\" Laptop - Intel® Celeron™, 64 GB eMMC, Pink", "description": "Windows 10 S / Free Upgrade to Windows 11\r\nIntel® Celeron® N4020 Processor\r\nRAM: 4 GB / Storage: 64 GB eMMC\r\nBattery life: Up to 13 hours\r\n1 year subscription to Microsoft 365", "price": "249.00", "rating": "3.50", "image_url": null, "image": "laptop5.jpg"}}, {"model": "products.product", "pk": 6, "fields": {"category": 2, "sku": "06", "name": "HP 11a 11.6\" Chromebook - 32 GB eMMC, White", "description": "Chrome OS\r\nMediaTek MT8183 Processor\r\nRAM: 4 GB / Storage: 32 GB eMMC\r\nBattery life: Up to 15.5 hours", "price": "199.00", "rating": "3.20", "image_url": null, "image": "laptop_andphont.jpg"}}, {"model": "products.product", "pk": 7, "fields": {"category": 2, "sku": "07", "name": "HP x360 14\" 2 in 1 Chromebook - Intel® Pentium™ Gold, 64 GB eMMC, Silver", "description": "Chrome OS\r\nIntel® Pentium® Gold 6405U Processor\r\nRAM: 4 GB / Storage: 64 GB eMMC\r\nFull HD touchscreen", "price": "479.00", "rating": "2.50", "image_url": null, "image": "laptop6.jpg"}}, {"model": "products.product", "pk": 8, "fields": {"category": 2, "sku": "07", "name": "HP 14-cf2518sa 14\" Laptop - Intel® Pentium® Gold, 128 GB SSD, Silver", "description": "Windows 10 S\r\nIntel® Pentium® Gold 6405U Processor\r\nRAM: 4 GB / Storage: 128 GB SSD\r\nFull HD screen\r\nBattery life: Up to 10 hours", "price": "359.00", "rating": "4.30", "image_url": null, "image": "laptop7.jpg"}}, {"model": "products.product", "pk": 9, "fields": {"category": 3, "sku": "08", "name": "LENOVO IdeaPad 3i 14\" Laptop - Intel® Core™ i3, 128 GB SSD, Blue", "description": "Windows 10 S\r\nIntel® Core™ i3-1005G1 Processor\r\nRAM: 4 GB / Storage: 128 GB SSD\r\nFull HD screen\r\nBattery life: Up to 7.5 hours", "price": "419.00", "rating": "3.70", "image_url": null, "image": "laptop8.jpg"}}, {"model": "products.product", "pk": 10, "fields": {"category": 3, "sku": "08", "name": "LENOVO IdeaPad 3i 14\" Chromebook - Intel® Celeron®, 64 GB eMMC, Blue", "description": "Chrome OS\r\nIntel® Celeron® N4020 Processor\r\nRAM: 4 GB / Storage: 64 GB eMMC\r\nFull HD screen\r\nBattery life: Up to 10 hours", "price": "279.00", "rating": "2.10", "image_url": null, "image": "lenovo.jpg"}}, {"model": "products.product", "pk": 11, "fields": {"category": 3, "sku": "10", "name": "LENOVO IdeaPad 3i 14\" Chromebook - Intel® Celeron®, 64 GB eMMC, Blue", "description": "Chrome OS\r\nIntel® Celeron® N4020 Processor\r\nRAM: 4 GB / Storage: 64 GB eMMC\r\nFull HD screen\r\nBattery life: Up to 10 hours", "price": "279.00", "rating": "2.90", "image_url": null, "image": "lenovo2.jpg"}}, {"model": "products.product", "pk": 12, "fields": {"category": 3, "sku": "11", "name": "LENOVO IdeaPad 3 14\" Laptop - AMD Athlon Gold, 128 GB SSD, Grey", "description": "Social: Basic computing on the go\r\nWindows 10 S\r\nAMD Athlon Gold 3150U Processor\r\nRAM: 4 GB / Storage: 128 GB SSD\r\nFull HD screen", "price": "349.00", "rating": "4.70", "image_url": null, "image": "lenovo3.jpg"}}, {"model": "products.product", "pk": 13, "fields": {"category": 4, "sku": "12", "name": "DELL Inspiron 3891 Desktop PC - Intel® Core™ i5, 1 TB HDD & 256 SSD, Black", "description": "Intel® Core™ i5-10400 Processor\r\nRAM: 8 GB / Storage: 1 TB HDD & 256 GB SSD", "price": "789.00", "rating": "3.50", "image_url": null, "image": "desktop2.jpg"}}, {"model": "products.product", "pk": 14, "fields": {"category": 4, "sku": "12", "name": "ACER Aspire XC-1660 Desktop PC - Intel® Core™ i5, 1 TB HDD, Black", "description": "Intel® Core™ i5-11400 Processor\r\nRAM: 8 GB / Storage: 1 TB HDD", "price": "509.99", "rating": "3.30", "image_url": null, "image": "desktop4.jpg"}}, {"model": "products.product", "pk": 15, "fields": {"category": null, "sku": "13", "name": "HP 22-df0021na 21.5\" All-in-One PC - AMD Athlon Silver, 128 GB SSD, White", "description": "Social: Basic home computing\r\nAMD Athlon Silver 3050U Processor\r\nRAM: 4 GB / Storage: 128 GB SSD\r\nFull HD display", "price": "459.99", "rating": "3.60", "image_url": null, "image": "desktop5.jpg"}}, {"model": "products.product", "pk": 16, "fields": {"category": 4, "sku": "14", "name": "HP Slim S01-aF1011na Desktop PC - Intel® Celeron®, 256 GB SSD, Black", "description": "Intel® Celeron® J4025 Processor\r\nRAM: 4 GB / Storage: 256 GB SSD", "price": "449.00", "rating": "3.70", "image_url": null, "image": "desktop6.jpg"}}, {"model": "products.product", "pk": 17, "fields": {"category": 5, "sku": "15", "name": "ACER Nitro 5 15.6\" Gaming Laptop - Intel® Core™ i5, GTX 1650, 512 GB SSD", "description": "Intel® Core™ i5-11300H Processor\r\nRAM: 8 GB / Storage: 512 GB SSD\r\nGraphics: NVIDIA GeForce GTX 1650 4 GB\r\n151 FPS when playing Fortnite at 1080p\r\nFull HD screen / 144 Hz", "price": "849.00", "rating": "5.00", "image_url": null, "image": "gaming.jpg"}}, {"model": "products.product", "pk": 18, "fields": {"category": 5, "sku": "16", "name": "ASUS TUF Dash F15 15.6\" Gaming Laptop - Intel® Core™ i7, RTX 3060, 512 GB SSD", "description": "Intel® Core™ i7-11370H Processor\r\nRAM: 8 GB / Storage: 512 GB SSD\r\nGraphics: NVIDIA GeForce RTX 3060 6 GB\r\n197 FPS when playing Fortnite at 1080p\r\nFull HD screen / 144 Hz", "price": "1199.00", "rating": "4.20", "image_url": null, "image": "gaming5.jpg"}}, {"model": "products.product", "pk": 19, "fields": {"category": 5, "sku": "17", "name": "MSI GF63 Thin 15.6\" Gaming Laptop - Intel® Core™ i5, GTX 1650, 512 GB SSD", "description": "Intel® Core™ i5-10500H Processor\r\nRAM: 8 GB / Storage: 512 GB SSD\r\nGraphics: NVIDIA GeForce GTX 1650 4 GB\r\nFull HD screen / 144 Hz\r\nBattery life: Up to 7 hours", "price": "839.00", "rating": "3.20", "image_url": null, "image": "gaming6.jpg"}}, {"model": "products.product", "pk": 20, "fields": {"category": 5, "sku": "18", "name": "ACER Nitro 5 17.3\" Gaming Laptop - Intel® Core™ i7, RTX 3060, 256 GB SSD", "description": "Intel® Core™ i7-10750H Processor\r\nRAM: 8 GB / Storage: 256 GB SSD\r\nGraphics: NVIDIA GeForce RTX 3060 6 GB\r\n218 FPS when playing Fortnite at 1080p\r\nFull HD screen / 120 Hz", "price": "1139.00", "rating": "4.20", "image_url": null, "image": "gaming6_I7kq5U6.jpg"}}, {"model": "products.product", "pk": 21, "fields": {"category": 4, "sku": "19", "name": "LENOVO IdeaCentre 3 Desktop PC - AMD Ryzen 3, 256 GB SSD, Grey", "description": "AMD Ryzen 3 3250U Processor\r\nRAM: 4 GB / Storage: 256 GB SSD", "price": "479.99", "rating": "4.00", "image_url": null, "image": "desktop7.jpg"}}, {"model": "products.product", "pk": 22, "fields": {"category": 4, "sku": "20", "name": "HP Pavilion TP01-2000na Desktop PC - AMD Ryzen 7, 1 TB HDD & 256 GB SSD, Silver", "description": "AMD Ryzen 7 5700G Processor\r\nRAM: 8 GB / Storage: 1 TB HDD & 256 GB SSD", "price": "839.00", "rating": "3.70", "image_url": null, "image": "apple_desktop.jpg"}}, {"model": "products.product", "pk": 23, "fields": {"category": 6, "sku": "21", "name": "HUAWEI MatePad T10s 10.1\" Tablet - 64 GB, Blue", "description": "Huawei Mobile Services may limit access to certain apps\r\nEMUI 10.0.1\r\nFull HD screen\r\n64 GB storage: Perfect for apps / photos / videos / games\r\nAdd more storage with a microSD card", "price": "199.99", "rating": "3.70", "image_url": null, "image": "roberto-nickson-hLgYtX0rPgw-unsplash.jpg"}}, {"model": "products.product", "pk": 24, "fields": {"category": 6, "sku": "22", "name": "APPLE 10.9\" iPad Air (2020) - 256 GB, Sky Blue", "description": "iPadOS\r\nLiquid Retina display\r\n256 GB storage: Perfect for saving pretty much everything\r\nBattery life: Up to 10 hours\r\nCompatible with Apple Pencil (2nd generation)", "price": "849.00", "rating": "3.50", "image_url": null, "image": "daniel-romero-Z4_kN9ybLf4-unsplash.jpg"}}, {"model": "products.product", "pk": 25, "fields": {"category": 6, "sku": "23", "name": "SAMSUNG Galaxy Tab S6 Lite 10.4” Tablet - 64 GB, Oxford Grey", "description": "Android 10.0\r\nFull HD screen\r\n64 GB storage: Perfect for apps / photos / videos / games\r\nAdd more storage with a microSD card\r\nBattery life: Up to 13 hours", "price": "379.00", "rating": "3.20", "image_url": null, "image": "henry-ascroft-7OFnb7NOvjw-unsplash.jpg"}}, {"model": "products.product", "pk": 26, "fields": {"category": 6, "sku": "24", "name": "ACER ACTAB1021 10\" Tablet - 32 GB, Gun Grey", "description": "Android 10.0\r\nHD Ready screen\r\n32 GB storage: Perfect for apps / photos / videos\r\nAdd more storage with a microSD card\r\nBattery life: Up to 9.5 hours", "price": "129.99", "rating": "2.50", "image_url": null, "image": "kelly-sikkema-qjewkQ3JeVU-unsplash.jpg"}}, {"model": "products.product", "pk": 27, "fields": {"category": 6, "sku": "25", "name": "APPLE 7.9\" iPad mini 5 (2019) - 64 GB, Gold", "description": "iOS 12\r\nRetina display\r\nBattery life: Up to 10 hours\r\nAirPlay\r\nCompatible with Apple Pencil (1st generation)", "price": "449.00", "rating": "3.80", "image_url": null, "image": "agitalizr-Q-2A9y9xvh8-unsplash.jpg"}}, {"model": "products.product", "pk": 28, "fields": {"category": 6, "sku": "26", "name": "AMAZON Fire HD 10 10.1\" Tablet (2021) - 32 GB, Black", "description": "Fire OS 7\r\nFull HD screen\r\n32 GB storage: Perfect for apps / photos / videos\r\nAdd more storage with a microSD card\r\nBattery life: Up to 12 hours", "price": "179.99", "rating": "2.40", "image_url": null, "image": "francois-hoang-15LQr2QttqU-unsplash.jpg"}}, {"model": "products.product", "pk": 29, "fields": {"category": 6, "sku": "27", "name": "AMAZON Fire 7 Tablet (2019) - 16 GB, Black", "description": "Fire OS 5\r\nStandard resolution screen\r\n16 GB storage: Perfect for apps & photos\r\nAdd more storage with a microSD card\r\nBattery life: Up to 7 hours", "price": "59.99", "rating": "2.70", "image_url": null, "image": "tablets.jpg"}}, {"model": "products.product", "pk": 30, "fields": {"category": 7, "sku": "28", "name": "HP M27fw Full HD 27\" IPS LCD Monitor - White", "description": "Full HD 1920 x 1080p\r\nRefresh rate: 75 Hz\r\nResponse time: 5 ms\r\nInput: HDMI / VGA", "price": "199.00", "rating": "2.80", "image_url": null, "image": "kitai-jogia-zhvaeh-R9rA-unsplash.jpg"}}, {"model": "products.product", "pk": 31, "fields": {"category": 7, "sku": "29", "name": "HP M24fw Full HD 23.8\" IPS LCD Monitor - White", "description": "Full HD 1920 x 1080p\r\nRefresh rate: 75 Hz\r\nResponse time: 5 ms\r\nInput: HDMI / VGA", "price": "164.99", "rating": "2.90", "image_url": null, "image": "ali-zolghadr-1txfdSON1Ao-unsplash.jpg"}}, {"model": "products.product", "pk": 32, "fields": {"category": 7, "sku": "30", "name": "SAMSUNG U32J590 4K Ultra HD 32\" LED Monitor - Black", "description": "4K Ultra HD 3840 x 2160p\r\nResponse time: 4 ms\r\nInput: HDMI / DisplayPort\r\nCan be wall mounted", "price": "379.00", "rating": "3.80", "image_url": null, "image": "daniel-korpai-iopITwyUcTA-unsplash.jpg"}}, {"model": "products.product", "pk": 33, "fields": {"category": 7, "sku": "31", "name": "SAMSUNG LC32R500FHUXEN Full HD 32\" Curved LED Monitor - Blue Grey", "description": "Full HD 1920 x 1080p\r\nRefresh rate: 75 Hz\r\nResponse time: 4 ms\r\nInput: HDMI / VGA", "price": "249.99", "rating": "2.70", "image_url": null, "image": "linus-mimietz-gvptKmonylk-unsplash.jpg"}}, {"model": "products.product", "pk": 34, "fields": {"category": 7, "sku": "32", "name": "PHILIPS 272V8A Full HD 27\" LCD Monitor - Black", "description": "Full HD 1920 x 1080p\r\nRefresh rate: 75 Hz\r\nResponse time: 4 ms\r\nInput: HDMI / VGA\r\nBuilt-in speakers", "price": "169.99", "rating": "2.10", "image_url": null, "image": "boicu-andrei-YtDIYzUAG9Q-unsplash.jpg"}}, {"model": "products.product", "pk": 35, "fields": {"category": 7, "sku": "33", "name": "ACER ED270RPbiipx Full HD 27” Curved LED Monitor - Black", "description": "Full HD 1920 x 1080p\r\nRefresh rate: 165 Hz\r\nResponse time: 5 ms\r\nInput: HDMI / DisplayPort", "price": "239.99", "rating": "2.80", "image_url": null, "image": "monitor.jpg"}}, {"model": "products.product", "pk": 36, "fields": {"category": 8, "sku": "34", "name": "EPSON EcoTank ET-2720 All-in-One Wireless Inkjet Printer", "description": "Epson Ecotank – includes up to 3 years of ink\r\nWiFi / Apple AirPrint\r\nUp to 10 prints per minute", "price": "199.00", "rating": "2.50", "image_url": null, "image": "mahrous-houses-5AoOejjRUrA-unsplash.jpg"}}, {"model": "products.product", "pk": 37, "fields": {"category": 8, "sku": "35", "name": "EPSON Expression Home XP-4105 All-in-One Wireless Inkjet Printer", "description": "Includes full set of ink\r\nWiFi / Apple AirPrint\r\nUp to 10 prints per minute\r\nAutomatic double-sided printing", "price": "74.99", "rating": "1.20", "image_url": null, "image": "filtergrade-oPyAcpkQch0-unsplash.jpg"}}, {"model": "products.product", "pk": 38, "fields": {"category": 8, "sku": "36", "name": "HP DeskJet Plus 4130e All-in-One Wireless Inkjet Printer with HP Plus", "description": "9 months of HP Instant Ink with HP+\r\nWiFi / Apple AirPrint\r\nUp to 8.5 prints per minute\r\nGet advanced HP Smart App solutions with HP+\r\nAutomatic document feeder", "price": "59.99", "rating": "2.30", "image_url": null, "image": "filtergrade-oPyAcpkQch0-unsplash_Xztj2qD.jpg"}}, {"model": "products.product", "pk": 39, "fields": {"category": 8, "sku": "37", "name": "HP OfficeJet Pro 9019 All-in-One Wireless Inkjet Printer with Fax", "description": "12 month free trial of HP Instant Ink\r\nWiFi / Apple AirPrint\r\nUp to 22 prints per minute\r\nAutomatic double-sided printing", "price": "279.99", "rating": "3.70", "image_url": null, "image": "stebilex-systems-nehb_LCO8Zo-unsplash.jpg"}}, {"model": "checkout.order", "pk": 4, "fields": {"order_number": "191C592FC0E34D44905ECFED6BA06DE3", "user_profile": null, "full_name": "test", "email": "test@test.com", "phone_number": "1234567890", "country": "US", "postcode": "rgegeegr", "town_or_city": "anywhere", "street_address1": "hhhh", "street_address2": null, "county": "gregerrge", "date": "2021-09-18T16:47:56.149Z", "delivery_cost": "0.00", "order_total": "728.00", "grand_total": "728.00", "original_bag": "", "stripe_pid": ""}}, {"model": "checkout.order", "pk": 5, "fields": {"order_number": "B012840B8EEB44FF805CDF9A509464D6", "user_profile": null, "full_name": "test", "email": "test@test.com", "phone_number": "1234567890", "country": "gegrg", "postcode": "rgegeegr", "town_or_city": "anywhere", "street_address1": "ddew", "street_address2": "grerg", "county": "anywhere", "date": "2021-09-20T10:57:32.461Z", "delivery_cost": "0.00", "order_total": "279.00", "grand_total": "279.00", "original_bag": "", "stripe_pid": ""}}, {"model": "checkout.order", "pk": 6, "fields": {"order_number": "6A007FB782294C98ACEEBFD0D56427CA", "user_profile": null, "full_name": "test", "email": "test@test.com", "phone_number": "1234567890", "country": "US", "postcode": "12345", "town_or_city": "egregr", "street_address1": "cedwed", "street_address2": null, "county": "anywhere", "date": "2021-09-20T15:05:55.718Z", "delivery_cost": "0.00", "order_total": "2799.99", "grand_total": "2799.99", "original_bag": "", "stripe_pid": ""}}, {"model": "checkout.order", "pk": 7, "fields": {"order_number": "9E191899E58C43B587443A555913AFD1", "user_profile": null, "full_name": "test", "email": "test@test.com", "phone_number": "1234567890", "country": "US", "postcode": "rgegeegr", "town_or_city": "anywhere", "street_address1": "gigigiou", "street_address2": "'¡''¡çç", "county": "US", "date": "2021-09-20T15:13:14.640Z", "delivery_cost": "0.00", "order_total": "479.00", "grand_total": "479.00", "original_bag": "", "stripe_pid": ""}}, {"model": "checkout.order", "pk": 8, "fields": {"order_number": "C4F89F36D57C479592FEE3AC40331432", "user_profile": null, "full_name": "dedede", "email": "test@test.com", "phone_number": "1234567890", "country": "US", "postcode": "rgegeegr", "town_or_city": "edwe", "street_address1": "anywhere", "street_address2": null, "county": "US", "date": "2021-09-22T09:57:11.727Z", "delivery_cost": "0.00", "order_total": "449.00", "grand_total": "449.00", "original_bag": "{\"16\": 1}", "stripe_pid": "pi_3JcSBhCEcerLqohR1uS09F1a"}}, {"model": "checkout.order", "pk": 9, "fields": {"order_number": "BA782544EBCA4A5CA3694C9AAE88AAAA", "user_profile": null, "full_name": "test", "email": "test@test.com", "phone_number": "fffffsf", "country": "US", "postcode": "rgegeegr", "town_or_city": "anywhere", "street_address1": "hhhh", "street_address2": "iug", "county": "US", "date": "2021-09-22T10:12:37.657Z", "delivery_cost": "0.00", "order_total": "839.00", "grand_total": "839.00", "original_bag": "{\"19\": 1}", "stripe_pid": "pi_3JcSQpCEcerLqohR1io2Oefi"}}, {"model": "checkout.order", "pk": 10, "fields": {"order_number": "DB021A50AF834D659C6F02F38B5F62FD", "user_profile": null, "full_name": "dedede", "email": "test@test.com", "phone_number": "1234567890", "country": "US", "postcode": "8527785", "town_or_city": "edwe", "street_address1": "hhhh", "street_address2": null, "county": "US", "date": "2021-09-22T10:14:33.230Z", "delivery_cost": "0.00", "order_total": "349.00", "grand_total": "349.00", "original_bag": "{\"12\": 1}", "stripe_pid": "pi_3JcSSnCEcerLqohR1Ab7SHKH"}}, {"model": "checkout.order", "pk": 11, "fields": {"order_number": "2940968FE8DC46069C9F0560D680D844", "user_profile": null, "full_name": "dedede", "email": "test@test.com", "phone_number": "1234567890", "country": "US", "postcode": "hohp", "town_or_city": "edwe", "street_address1": "ddew", "street_address2": null, "county": "US", "date": "2021-09-22T10:17:39.026Z", "delivery_cost": "0.00", "order_total": "2799.99", "grand_total": "2799.99", "original_bag": "{\"3\": 1}", "stripe_pid": "pi_3JcSVmCEcerLqohR1PkrN5hC"}}, {"model": "checkout.order", "pk": 12, "fields": {"order_number": "2207C030611A47069DBA821DFB67D545", "user_profile": null, "full_name": "test", "email": "test@test.com", "phone_number": "1234567890", "country": "US", "postcode": "kgbikgiughio", "town_or_city": "iugigio", "street_address1": "cedwed", "street_address2": null, "county": "US", "date": "2021-09-22T10:35:20.401Z", "delivery_cost": "0.00", "order_total": "379.00", "grand_total": "379.00", "original_bag": "{\"25\": 1}", "stripe_pid": "pi_3JcSmvCEcerLqohR15q1k3Ib"}}, {"model": "checkout.order", "pk": 13, "fields": {"order_number": "925990FECFC84018B63E2E3AB4A0D88D", "user_profile": null, "full_name": "dedede", "email": "test@test.com", "phone_number": "1234567890", "country": "US", "postcode": "rgegeegr", "town_or_city": "edwe", "street_address1": "cedwed", "street_address2": null, "county": "US", "date": "2021-09-22T10:41:40.484Z", "delivery_cost": "0.00", "order_total": "1199.00", "grand_total": "1199.00", "original_bag": "{\"18\": 1}", "stripe_pid": "pi_3JcSt0CEcerLqohR08QJ0KMU"}}, {"model": "checkout.order", "pk": 14, "fields": {"order_number": "6C470D50096B49699447B7F2A65FCAC5", "user_profile": null, "full_name": "dedede", "email": "test@test.com", "phone_number": "1234567890", "country": "US", "postcode": "kgbikgiughio", "town_or_city": "edwe", "street_address1": "cedwed", "street_address2": "iug", "county": "US", "date": "2021-09-22T10:42:57.135Z", "delivery_cost": "0.00", "order_total": "449.00", "grand_total": "449.00", "original_bag": "{\"16\": 1}", "stripe_pid": "pi_3JcSuCCEcerLqohR112jN3UN"}}, {"model": "checkout.order", "pk": 15, "fields": {"order_number": "AD97B58BC1B7475D8A359C2426A32D52", "user_profile": null, "full_name": "dedede", "email": "test@test.com", "phone_number": "1234567890", "country": "BB", "postcode": null, "town_or_city": "anywhere", "street_address1": "hhhh", "street_address2": "iug", "county": null, "date": "2021-09-22T12:23:13.520Z", "delivery_cost": "0.00", "order_total": "1139.00", "grand_total": "1139.00", "original_bag": "{\"20\": 1}", "stripe_pid": "pi_3JcU5XCEcerLqohR1leqc40C"}}, {"model": "checkout.order", "pk": 16, "fields": {"order_number": "2CB9F8006FC14A9593F7E116C9FA1561", "user_profile": null, "full_name": "dedede", "email": "test@test.com", "phone_number": "1234567890", "country": "BB", "postcode": null, "town_or_city": "anywhere", "street_address1": "gregre", "street_address2": "gigoi9go", "county": null, "date": "2021-09-22T12:32:01.426Z", "delivery_cost": "0.00", "order_total": "449.00", "grand_total": "449.00", "original_bag": "{\"16\": 1}", "stripe_pid": "pi_3JcUbpCEcerLqohR0yyDk5BT"}}, {"model": "checkout.order", "pk": 17, "fields": {"order_number": "73B4193BAB234EA0BDCB040152036DEF", "user_profile": null, "full_name": "Jo Tutor", "email": "jo@tutor.com", "phone_number": "0123123123", "country": "IE", "postcode": null, "town_or_city": "Tutoring", "street_address1": "14 Tutor Street", "street_address2": null, "county": "Tutorshire", "date": "2021-09-22T12:44:12.586Z", "delivery_cost": "0.00", "order_total": "279.00", "grand_total": "279.00", "original_bag": "{\"11\": 1}", "stripe_pid": "pi_3JcUmfCEcerLqohR0ApkuTxp"}}, {"model": "checkout.order", "pk": 18, "fields": {"order_number": "534BFC0F8EA649BAAF17DA4E5F0C69B8", "user_profile": null, "full_name": "Jo Tutor", "email": "jo@tutor.com", "phone_number": "0123123123", "country": "IE", "postcode": null, "town_or_city": "Tutoring", "street_address1": "14 Tutor Street", "street_address2": null, "county": null, "date": "2021-09-22T12:46:45.883Z", "delivery_cost": "0.00", "order_total": "509.99", "grand_total": "509.99", "original_bag": "{\"14\": 1}", "stripe_pid": "pi_3JcUpzCEcerLqohR1fBZLOh5"}}, {"model": "checkout.order", "pk": 19, "fields": {"order_number": "A82FCC4A24114407AB9C3298EB771658", "user_profile": null, "full_name": "Jo Tutor", "email": "jo@tutor.com", "phone_number": "0123123123", "country": "IE", "postcode": null, "town_or_city": "Tutoring", "street_address1": "14 Tutor Street", "street_address2": null, "county": null, "date": "2021-09-22T12:57:32.800Z", "delivery_cost": "0.00", "order_total": "129.99", "grand_total": "129.99", "original_bag": "{\"26\": 1}", "stripe_pid": "pi_3JcV0JCEcerLqohR1C3k5E7y"}}, {"model": "checkout.order", "pk": 20, "fields": {"order_number": "3BF11340CC064EDBB1C362266F62A630", "user_profile": null, "full_name": "Jo Tutor", "email": "jo@tutor.com", "phone_number": "0123123123", "country": "IE", "postcode": null, "town_or_city": "Tutoring", "street_address1": "14 Tutor Street", "street_address2": null, "county": null, "date": "2021-09-22T13:04:57.167Z", "delivery_cost": "0.00", "order_total": "59.99", "grand_total": "59.99", "original_bag": "{\"38\": 1}", "stripe_pid": "pi_3JcV7cCEcerLqohR1g0lsKSz"}}, {"model": "checkout.order", "pk": 21, "fields": {"order_number": "9454207C7F2F4B989C31AD0FEE8F52E0", "user_profile": null, "full_name": "test", "email": "test@test.com", "phone_number": "fffffsf", "country": "BD", "postcode": "T12 TXE3", "town_or_city": "anywhere", "street_address1": "hhhh", "street_address2": "iug", "county": null, "date": "2021-09-22T13:06:45.176Z", "delivery_cost": "0.00", "order_total": "449.00", "grand_total": "449.00", "original_bag": "{\"16\": 1}", "stripe_pid": "pi_3JcV9RCEcerLqohR0vvavcj5"}}, {"model": "checkout.order", "pk": 22, "fields": {"order_number": "40F0E834ADDE4259BFB38730696837DF", "user_profile": 2, "full_name": "test", "email": "test@test.com", "phone_number": "1234567890", "country": "BS", "postcode": null, "town_or_city": "anywhere", "street_address1": "hhhh", "street_address2": "iug", "county": "US", "date": "2021-09-24T10:31:31.867Z", "delivery_cost": "0.00", "order_total": "449.00", "grand_total": "449.00", "original_bag": "{\"16\": 1}", "stripe_pid": "pi_3JdBg6CEcerLqohR0YGJLjoR"}}, {"model": "checkout.order", "pk": 23, "fields": {"order_number": "E2BBC39602334531936AF5BE775093AC", "user_profile": 2, "full_name": "test", "email": "test@test.com", "phone_number": "1234567890", "country": "BS", "postcode": null, "town_or_city": "anywhere", "street_address1": "hhhh", "street_address2": "iug", "county": "US", "date": "2021-09-24T15:05:25.146Z", "delivery_cost": "0.00", "order_total": "538.99", "grand_total": "538.99", "original_bag": "{\"7\": 1, \"38\": 1}", "stripe_pid": "pi_3JdFxICEcerLqohR1W5j1CAf"}}, {"model": "checkout.order", "pk": 24, "fields": {"order_number": "79D8B63302B048F4B179B41FAFF9CB52", "user_profile": 2, "full_name": "test", "email": "test@test.com", "phone_number": "1234567890", "country": "BS", "postcode": null, "town_or_city": "anywhere", "street_address1": "hhhh", "street_address2": "iug", "county": "US", "date": "2021-09-24T15:11:39.317Z", "delivery_cost": "0.00", "order_total": "379.00", "grand_total": "379.00", "original_bag": "{\"25\": 1}", "stripe_pid": "pi_3JdG3cCEcerLqohR0ipXh8DD"}}, {"model": "checkout.order", "pk": 25, "fields": {"order_number": "9EAFA2A9EF5A40008CE2E778D8846F56", "user_profile": 2, "full_name": "test", "email": "test@test.com", "phone_number": "1234567890", "country": "BS", "postcode": null, "town_or_city": "anywhere", "street_address1": "hhhh", "street_address2": "iug", "county": "US", "date": "2021-09-25T12:13:10.532Z", "delivery_cost": "0.00", "order_total": "479.00", "grand_total": "479.00", "original_bag": "{\"7\": 1}", "stripe_pid": "pi_3JdZkLCEcerLqohR0TV9LAYD"}}, {"model": "checkout.order", "pk": 26, "fields": {"order_number": "19A1C24EF4CC4A9B8EADC8A64D050DF2", "user_profile": 2, "full_name": "test", "email": "test@test.com", "phone_number": "1234567890", "country": "BS", "postcode": null, "town_or_city": "anywhere", "street_address1": "hhhh", "street_address2": "iug", "county": "US", "date": "2021-09-25T15:12:32.729Z", "delivery_cost": "0.00", "order_total": "449.00", "grand_total": "449.00", "original_bag": "{\"16\": 1}", "stripe_pid": "pi_3JdcXyCEcerLqohR0kgthH7v"}}, {"model": "checkout.order", "pk": 27, "fields": {"order_number": "70112AFB058E42F794ED7301226A5C7E", "user_profile": null, "full_name": "Jo Tutor", "email": "jo@tutor.com", "phone_number": "0123123123", "country": "IE", "postcode": null, "town_or_city": "Tutoring", "street_address1": "14 Tutor Street", "street_address2": null, "county": null, "date": "2021-09-25T15:17:16.604Z", "delivery_cost": "0.00", "order_total": "279.00", "grand_total": "279.00", "original_bag": "{\"11\": 1}", "stripe_pid": "pi_3JdccMCEcerLqohR1Ofk1inG"}}, {"model": "checkout.order", "pk": 28, "fields": {"order_number": "2109E67AAEF4445AADF08B60B39DEC10", "user_profile": 2, "full_name": "test", "email": "test@test.com", "phone_number": "1234567890", "country": "BS", "postcode": null, "town_or_city": "anywhere", "street_address1": "hhhh", "street_address2": "iug", "county": "US", "date": "2021-09-25T15:35:03.718Z", "delivery_cost": "0.00", "order_total": "1139.00", "grand_total": "1139.00", "original_bag": "{\"20\": 1}", "stripe_pid": "pi_3JdctnCEcerLqohR1YB8Y31P"}}, {"model": "checkout.order", "pk": 29, "fields": {"order_number": "CDE6794D231042209FAAB827385962DE", "user_profile": 2, "full_name": "test", "email": "test@test.com", "phone_number": "1234567890", "country": "BS", "postcode": null, "town_or_city": "anywhere", "street_address1": "hhhh", "street_address2": "iug", "county": "US", "date": "2021-09-26T08:32:50.852Z", "delivery_cost": "0.00", "order_total": "839.00", "grand_total": "839.00", "original_bag": "{\"19\": 1}", "stripe_pid": "pi_3JdsmiCEcerLqohR0ezSZ2sZ"}}, {"model": "checkout.order", "pk": 30, "fields": {"order_number": "59EBA79B4570434F9055D0F46FD8A8BD", "user_profile": 2, "full_name": "test", "email": "test@test.com", "phone_number": "1234567890", "country": "BS", "postcode": null, "town_or_city": "anywhere", "street_address1": "hhhh", "street_address2": "iug", "county": "US", "date": "2021-09-26T08:51:18.307Z", "delivery_cost": "0.00", "order_total": "449.00", "grand_total": "449.00", "original_bag": "{\"16\": 1}", "stripe_pid": "pi_3Jdt4SCEcerLqohR08760dsP"}}, {"model": "checkout.order", "pk": 31, "fields": {"order_number": "A9BD6DCCD3B74F50ADC8BF77FC70B33C", "user_profile": null, "full_name": "test", "email": "test@test.com", "phone_number": "123445", "country": "BH", "postcode": "124334", "town_or_city": "test", "street_address1": "test", "street_address2": "reee", "county": "us", "date": "2021-09-26T08:52:58.669Z", "delivery_cost": "0.00", "order_total": "1109.00", "grand_total": "1109.00", "original_bag": "{\"1\": 1}", "stripe_pid": "pi_3Jdt62CEcerLqohR1yG8puwa"}}, {"model": "checkout.order", "pk": 32, "fields": {"order_number": "EF6DCF0A722D4AD0A5A653CEE7F94CB7", "user_profile": 2, "full_name": "test", "email": "test@test.com", "phone_number": "1234567890", "country": "BS", "postcode": null, "town_or_city": "anywhere", "street_address1": "hhhh", "street_address2": "iug", "county": "US", "date": "2021-09-26T09:21:41.024Z", "delivery_cost": "0.00", "order_total": "379.00", "grand_total": "379.00", "original_bag": "{\"25\": 1}", "stripe_pid": "pi_3JdtY3CEcerLqohR1hoQFQZA"}}, {"model": "checkout.order", "pk": 33, "fields": {"order_number": "9A43977E95104F8D8E1EA1CE676E79C0", "user_profile": null, "full_name": "sean", "email": "sean@sean.com", "phone_number": "44545456456", "country": "BS", "postcode": "00000000", "town_or_city": "test street", "street_address1": "test street 1", "street_address2": "asdasd", "county": "meath", "date": "2021-09-26T09:45:31.701Z", "delivery_cost": "0.00", "order_total": "2799.99", "grand_total": "2799.99", "original_bag": "{\"3\": 1}", "stripe_pid": "pi_3JdtutCEcerLqohR0It4henW"}}, {"model": "checkout.order", "pk": 34, "fields": {"order_number": "F69E6A6B3D2D43D49E255BE812A6931E", "user_profile": 2, "full_name": "test", "email": "test@test.com", "phone_number": "1234567890", "country": "BS", "postcode": null, "town_or_city": "anywhere", "street_address1": "hhhh", "street_address2": "iug", "county": "US", "date": "2021-09-26T09:52:32.178Z", "delivery_cost": "0.00", "order_total": "2799.99", "grand_total": "2799.99", "original_bag": "{\"3\": 1}", "stripe_pid": "pi_3Jdu1uCEcerLqohR0otWJrv7"}}, {"model": "checkout.order", "pk": 35, "fields": {"order_number": "DA83007144F14B98ACBBB8D185E97C4D", "user_profile": 2, "full_name": "test", "email": "test@test.com", "phone_number": "1234567890", "country": "BS", "postcode": null, "town_or_city": "anywhere", "street_address1": "hhhh", "street_address2": "iug", "county": "US", "date": "2021-09-26T09:57:33.637Z", "delivery_cost": "0.00", "order_total": "2799.99", "grand_total": "2799.99", "original_bag": "{\"3\": 1}", "stripe_pid": "pi_3Jdu6lCEcerLqohR0LZt6QIi"}}, {"model": "checkout.order", "pk": 36, "fields": {"order_number": "CD3BB9508D6544028C6D0AEC424D3004", "user_profile": 2, "full_name": "test", "email": "test@test.com", "phone_number": "1234567890", "country": "BS", "postcode": null, "town_or_city": "anywhere", "street_address1": "hhhh", "street_address2": "iug", "county": "US", "date": "2021-09-26T10:03:04.345Z", "delivery_cost": "0.00", "order_total": "449.00", "grand_total": "449.00", "original_bag": "{\"16\": 1}", "stripe_pid": "pi_3JduC6CEcerLqohR1DFpOli6"}}, {"model": "checkout.orderlineitem", "pk": 6, "fields": {"order": 4, "product": 10, "product_size": null, "quantity": 1, "lineitem_total": "279.00"}}, {"model": "checkout.orderlineitem", "pk": 7, "fields": {"order": 4, "product": 16, "product_size": null, "quantity": 1, "lineitem_total": "449.00"}}, {"model": "checkout.orderlineitem", "pk": 8, "fields": {"order": 5, "product": 10, "product_size": null, "quantity": 1, "lineitem_total": "279.00"}}, {"model": "checkout.orderlineitem", "pk": 9, "fields": {"order": 6, "product": 3, "product_size": null, "quantity": 1, "lineitem_total": "2799.99"}}, {"model": "checkout.orderlineitem", "pk": 10, "fields": {"order": 7, "product": 7, "product_size": null, "quantity": 1, "lineitem_total": "479.00"}}, {"model": "checkout.orderlineitem", "pk": 11, "fields": {"order": 8, "product": 16, "product_size": null, "quantity": 1, "lineitem_total": "449.00"}}, {"model": "checkout.orderlineitem", "pk": 12, "fields": {"order": 9, "product": 19, "product_size": null, "quantity": 1, "lineitem_total": "839.00"}}, {"model": "checkout.orderlineitem", "pk": 13, "fields": {"order": 10, "product": 12, "product_size": null, "quantity": 1, "lineitem_total": "349.00"}}, {"model": "checkout.orderlineitem", "pk": 14, "fields": {"order": 11, "product": 3, "product_size": null, "quantity": 1, "lineitem_total": "2799.99"}}, {"model": "checkout.orderlineitem", "pk": 15, "fields": {"order": 12, "product": 25, "product_size": null, "quantity": 1, "lineitem_total": "379.00"}}, {"model": "checkout.orderlineitem", "pk": 16, "fields": {"order": 13, "product": 18, "product_size": null, "quantity": 1, "lineitem_total": "1199.00"}}, {"model": "checkout.orderlineitem", "pk": 17, "fields": {"order": 14, "product": 16, "product_size": null, "quantity": 1, "lineitem_total": "449.00"}}, {"model": "checkout.orderlineitem", "pk": 18, "fields": {"order": 15, "product": 20, "product_size": null, "quantity": 1, "lineitem_total": "1139.00"}}, {"model": "checkout.orderlineitem", "pk": 19, "fields": {"order": 16, "product": 16, "product_size": null, "quantity": 1, "lineitem_total": "449.00"}}, {"model": "checkout.orderlineitem", "pk": 20, "fields": {"order": 17, "product": 11, "product_size": null, "quantity": 1, "lineitem_total": "279.00"}}, {"model": "checkout.orderlineitem", "pk": 21, "fields": {"order": 18, "product": 14, "product_size": null, "quantity": 1, "lineitem_total": "509.99"}}, {"model": "checkout.orderlineitem", "pk": 22, "fields": {"order": 19, "product": 26, "product_size": null, "quantity": 1, "lineitem_total": "129.99"}}, {"model": "checkout.orderlineitem", "pk": 23, "fields": {"order": 20, "product": 38, "product_size": null, "quantity": 1, "lineitem_total": "59.99"}}, {"model": "checkout.orderlineitem", "pk": 24, "fields": {"order": 21, "product": 16, "product_size": null, "quantity": 1, "lineitem_total": "449.00"}}, {"model": "checkout.orderlineitem", "pk": 25, "fields": {"order": 22, "product": 16, "product_size": null, "quantity": 1, "lineitem_total": "449.00"}}, {"model": "checkout.orderlineitem", "pk": 26, "fields": {"order": 23, "product": 7, "product_size": null, "quantity": 1, "lineitem_total": "479.00"}}, {"model": "checkout.orderlineitem", "pk": 27, "fields": {"order": 23, "product": 38, "product_size": null, "quantity": 1, "lineitem_total": "59.99"}}, {"model": "checkout.orderlineitem", "pk": 28, "fields": {"order": 24, "product": 25, "product_size": null, "quantity": 1, "lineitem_total": "379.00"}}, {"model": "checkout.orderlineitem", "pk": 29, "fields": {"order": 25, "product": 7, "product_size": null, "quantity": 1, "lineitem_total": "479.00"}}, {"model": "checkout.orderlineitem", "pk": 30, "fields": {"order": 26, "product": 16, "product_size": null, "quantity": 1, "lineitem_total": "449.00"}}, {"model": "checkout.orderlineitem", "pk": 31, "fields": {"order": 27, "product": 11, "product_size": null, "quantity": 1, "lineitem_total": "279.00"}}, {"model": "checkout.orderlineitem", "pk": 32, "fields": {"order": 28, "product": 20, "product_size": null, "quantity": 1, "lineitem_total": "1139.00"}}, {"model": "checkout.orderlineitem", "pk": 33, "fields": {"order": 29, "product": 19, "product_size": null, "quantity": 1, "lineitem_total": "839.00"}}, {"model": "checkout.orderlineitem", "pk": 34, "fields": {"order": 30, "product": 16, "product_size": null, "quantity": 1, "lineitem_total": "449.00"}}, {"model": "checkout.orderlineitem", "pk": 35, "fields": {"order": 31, "product": 1, "product_size": null, "quantity": 1, "lineitem_total": "1109.00"}}, {"model": "checkout.orderlineitem", "pk": 36, "fields": {"order": 32, "product": 25, "product_size": null, "quantity": 1, "lineitem_total": "379.00"}}, {"model": "checkout.orderlineitem", "pk": 37, "fields": {"order": 33, "product": 3, "product_size": null, "quantity": 1, "lineitem_total": "2799.99"}}, {"model": "checkout.orderlineitem", "pk": 38, "fields": {"order": 34, "product": 3, "product_size": null, "quantity": 1, "lineitem_total": "2799.99"}}, {"model": "checkout.orderlineitem", "pk": 39, "fields": {"order": 35, "product": 3, "product_size": null, "quantity": 1, "lineitem_total": "2799.99"}}, {"model": "checkout.orderlineitem", "pk": 40, "fields": {"order": 36, "product": 16, "product_size": null, "quantity": 1, "lineitem_total": "449.00"}}, {"model": "profiles.userprofile", "pk": 1, "fields": {"user": 1, "default_phone_number": null, "default_street_address1": null, "default_street_address2": null, "default_town_or_city": null, "default_county": null, "default_postcode": null, "default_country": null}}, {"model": "profiles.userprofile", "pk": 2, "fields": {"user": 2, "default_phone_number": "1234567890", "default_street_address1": "hhhh", "default_street_address2": "iug", "default_town_or_city": "anywhere", "default_county": "US", "default_postcode": null, "default_country": "BS"}}, {"model": "profiles.userprofile", "pk": 3, "fields": {"user": 3, "default_phone_number": null, "default_street_address1": null, "default_street_address2": null, "default_town_or_city": null, "default_county": null, "default_postcode": null, "default_country": null}}, {"model": "profiles.userprofile", "pk": 4, "fields": {"user": 4, "default_phone_number": null, "default_street_address1": null, "default_street_address2": null, "default_town_or_city": null, "default_county": null, "default_postcode": null, "default_country": null}}]